{
	"kkk": {
		"cases": [
			0.82, 0.8333333333333334, 0.8, 0.7666666666666667, 0.8266666666666667, 0.8466666666666667, 0.8533333333333334, 0.8266666666666667, 0.8, 0.84, 0.8333333333333334, 0.8, 0.8333333333333334, 0.84, 0.8, 0.7933333333333333, 0.8133333333333334, 0.8066666666666666, 0.8266666666666667,
			0.8333333333333334
		],
		"avr": 0.8197,
		"sd": 0.021,
		"aad": 0.0177,
		"max": 0.8533,
		"min": 0.7667,
		"max_dif": 0.0867,
		"total_exc": 735.9622459411621,
		"avr_exc": 36.798112297058104
	},
	"rkk": {
		"cases": [
			0.8133333333333334, 0.8266666666666667, 0.8466666666666667, 0.7933333333333333, 0.82, 0.8266666666666667, 0.8733333333333333, 0.84, 0.8733333333333333, 0.74, 0.8, 0.86, 0.8333333333333334, 0.8533333333333334, 0.8266666666666667, 0.8733333333333333, 0.8066666666666666, 0.8,
			0.8466666666666667, 0.7933333333333333
		],
		"avr": 0.8273,
		"sd": 0.0325,
		"aad": 0.0254,
		"max": 0.8733,
		"min": 0.74,
		"max_dif": 0.1333,
		"total_exc": 768.2865223884583,
		"avr_exc": 38.41432611942291
	},
	"krk": {
		"cases": [
			0.8133333333333334, 0.8066666666666666, 0.8533333333333334, 0.8, 0.8266666666666667, 0.7933333333333333, 0.8266666666666667, 0.8466666666666667, 0.8133333333333334, 0.8133333333333334, 0.8266666666666667, 0.7733333333333333, 0.82, 0.84, 0.8133333333333334, 0.7866666666666666,
			0.8866666666666667, 0.8133333333333334, 0.82, 0.8333333333333334
		],
		"avr": 0.8203,
		"sd": 0.0243,
		"aad": 0.0177,
		"max": 0.8867,
		"min": 0.7733,
		"max_dif": 0.1133,
		"total_exc": 792.4371507167816,
		"avr_exc": 39.621857535839084
	},
	"kkr": {
		"cases": [
			0.82, 0.8266666666666667, 0.8333333333333334, 0.8, 0.8133333333333334, 0.8266666666666667, 0.7933333333333333, 0.8266666666666667, 0.8133333333333334, 0.84, 0.8866666666666667, 0.8333333333333334, 0.84, 0.8266666666666667, 0.84, 0.8066666666666666, 0.8, 0.7933333333333333, 0.74, 0.78
		],
		"avr": 0.817,
		"sd": 0.0287,
		"aad": 0.0213,
		"max": 0.8867,
		"min": 0.74,
		"max_dif": 0.1467,
		"total_exc": 718.4725914001465,
		"avr_exc": 35.92362957000732
	},
	"rrk": {
		"cases": [
			0.7933333333333333, 0.8066666666666666, 0.8666666666666667, 0.8666666666666667, 0.8466666666666667, 0.86, 0.9133333333333333, 0.8266666666666667, 0.8133333333333334, 0.8266666666666667, 0.8266666666666667, 0.7866666666666666, 0.7666666666666667, 0.76, 0.84, 0.8933333333333333,
			0.8733333333333333, 0.8133333333333334, 0.8, 0.84
		],
		"avr": 0.831,
		"sd": 0.0394,
		"aad": 0.0321,
		"max": 0.9133,
		"min": 0.76,
		"max_dif": 0.1533,
		"total_exc": 387.79283928871155,
		"avr_exc": 19.389641964435576
	},
	"rkr": {
		"cases": [
			0.8333333333333334, 0.8333333333333334, 0.8, 0.82, 0.8066666666666666, 0.86, 0.8533333333333334, 0.8333333333333334, 0.8866666666666667, 0.7933333333333333, 0.8466666666666667, 0.78, 0.82, 0.8733333333333333, 0.86, 0.8333333333333334, 0.8266666666666667, 0.8466666666666667,
			0.8266666666666667, 0.86
		],
		"avr": 0.8347,
		"sd": 0.0265,
		"aad": 0.0209,
		"max": 0.8867,
		"min": 0.78,
		"max_dif": 0.1067,
		"total_exc": 434.37895822525024,
		"avr_exc": 21.71894791126251
	},
	"krr": {
		"cases": [
			0.82, 0.8066666666666666, 0.7866666666666666, 0.8, 0.82, 0.84, 0.8066666666666666, 0.8133333333333334, 0.8, 0.7933333333333333, 0.8333333333333334, 0.88, 0.88, 0.7933333333333333, 0.8133333333333334, 0.8066666666666666, 0.8133333333333334, 0.8133333333333334, 0.7933333333333333,
			0.8466666666666667
		],
		"avr": 0.818,
		"sd": 0.0257,
		"aad": 0.0194,
		"max": 0.88,
		"min": 0.7867,
		"max_dif": 0.0933,
		"total_exc": 412.28699231147766,
		"avr_exc": 20.614349615573882
	},
	"rrr": {
		"cases": [
			0.84, 0.78, 0.8, 0.8333333333333334, 0.84, 0.8666666666666667, 0.8466666666666667, 0.8666666666666667, 0.8866666666666667, 0.8466666666666667, 0.8333333333333334, 0.7733333333333333, 0.8866666666666667, 0.8933333333333333, 0.8666666666666667, 0.8666666666666667, 0.8, 0.74, 0.84,
			0.8466666666666667
		],
		"avr": 0.8377,
		"sd": 0.0396,
		"aad": 0.0304,
		"max": 0.8933,
		"min": 0.74,
		"max_dif": 0.1533,
		"total_exc": 373.194043636322,
		"avr_exc": 18.6597021818161
	}
}
